PC,Proportion.Variance.Explained
1,0.030645967432188836
2,0.015067575203691749
3,0.00996286205515318
4,0.008630762578792679
5,0.006932522999339492
6,0.0038298466161734257
7,0.003222001931173467
8,0.003153825232094153
9,0.0029184668436164473
10,0.002000788368375319
